freq,siec,partner,unit,geo\TIME_PERIOD	2018-01 	2018-02 	2018-03 	2018-04 	2018-05 	2018-06 	2018-07 	2018-08 	2018-09 	2018-10 	2018-11 	2018-12 	2019-01 	2019-02 	2019-03 	2019-04 	2019-05 	2019-06 	2019-07 	2019-08 	2019-09 	2019-10 	2019-11 	2019-12 	2020-01 	2020-02 	2020-03 	2020-04 	2020-05 	2020-06 	2020-07 	2020-08 	2020-09 	2020-10 	2020-11 	2020-12 	2021-01 	2021-02 	2021-03 	2021-04 	2021-05 	2021-06 	2021-07 	2021-08 	2021-09 	2021-10 	2021-11 	2021-12 	2022-01 	2022-02 	2022-03 	2022-04 	2022-05 	2022-06 	2022-07 	2022-08 	2022-09 	2022-10 	2022-11 	2022-12 	2023-01 	2023-02 	2023-03 	2023-04 	2023-05 	2023-06 	2023-07 	2023-08 	2023-09 	2023-10 	2023-11 	2023-12 	2024-01 	2024-02 	2024-03 	2024-04 	2024-05 	2024-06 	2024-07 	2024-08 	2024-09 	2024-10 	2024-11 	2024-12 	2025-01 	2025-02 
M,G3000,TOTAL,MIO_M3,AT	2518.000 	3497.000 	4083.000 	5152.000 	4895.000 	4488.000 	4850.000 	4769.000 	4265.000 	3466.000 	3667.000 	3861.000 	4221.000 	3329.000 	4778.000 	5390.000 	5339.000 	4533.000 	4661.000 	3634.000 	4008.000 	3280.000 	4274.000 	4038.000 	2685.654 	2938.280 	4329.699 	4264.705 	4268.468 	4159.735 	3681.290 	3977.070 	3750.865 	3769.305 	3375.800 	3878.636 	3857.281 	2055.995 	3194.051 	3602.416 	3937.893 	3663.444 	3681.907 	3840.066 	3573.790 	3333.472 	3032.310 	3689.263 	2556.482 	2487.951 	3722.097 	3011.828 	3400.778 	2735.688 	2604.573 	2880.303 	2506.690 	2225.522 	1561.986 	1541.550 	1347.752 	1087.431 	1286.400 	1451.881 	1936.406 	1556.739 	1542.453 	1223.586 	767.145 	1116.372 	965.548 	1117.727 	930.173 	860.468 	1096.266 	1232.930 	1191.646 	1291.411 	1443.513 	1384.926 	1293.640 	1023.216 	925.204 	1143.843 	663.103 	652.618 
M,G3000,TOTAL,MIO_M3,BE	4336.500 	4921.800 	4138.000 	2858.600 	3646.400 	3007.700 	3983.900 	3635.700 	3149.700 	3131.900 	3406.400 	3423.000 	3915.800 	3193.500 	3920.200 	3781.420 	4294.700 	3354.400 	3332.900 	3247.500 	2979.000 	3322.000 	3766.000 	4258.700 	3646.400 	4222.200 	4832.900 	3914.300 	4676.500 	3704.400 	2971.400 	2430.600 	2680.000 	2671.800 	3547.100 	3398.800 	4925.100 	3285.300 	3916.200 	3740.300 	3689.400 	2429.400 	2682.700 	2421.200 	2455.500 	4039.300 	3374.700 	4046.100 	4337.300 	3911.200 	5036.200 	5416.400 	5529.900 	5552.400 	5019.800 	5238.200 	5079.000 	5518.000 	4866.500 	5577.800 	5243.200 	4612.600 	4956.600 	5685.000 	5459.400 	3456.100 	3777.900 	3295.600 	2561.600 	3941.200 	4285.500 	4566.100 	4202.700 	3867.000 	4105.300 	3552.700 	3502.800 	3545.500 	3922.300 	3470.100 	2659.600 	3187.800 	2789.500 	2965.100 	3103.400 	3709.300 
M,G3000,TOTAL,MIO_M3,BG	2000.000 	1800.000 	1800.000 	1100.000 	1000.000 	1300.000 	1300.000 	1117.000 	1342.000 	1213.000 	1502.000 	1637.000 	1237.000 	721.000 	735.000 	914.000 	849.000 	778.000 	809.000 	787.000 	635.000 	866.000 	778.000 	863.000 	616.058 	455.063 	507.842 	421.678 	509.949 	480.392 	582.366 	567.998 	576.603 	446.340 	638.322 	670.775 	932.285 	875.599 	1077.424 	999.957 	1014.847 	855.348 	1185.067 	1139.332 	939.214 	1302.131 	1038.264 	1417.750 	1110.213 	1159.905 	1343.658 	932.328 	1120.223 	968.854 	1623.792 	1561.065 	1380.606 	1328.254 	1216.768 	1615.294 	1046.461 	1172.888 	1082.208 	1261.372 	911.299 	875.187 	1524.546 	1682.252 	1634.474 	1676.529 	1505.562 	1479.037 	1412.119 	1368.062 	1529.551 	1361.654 	1570.198 	1408.004 	1673.205 	1652.188 	1611.431 	1654.920 	1720.278 	1733.984 	1758.855 	1742.655 
M,G3000,TOTAL,MIO_M3,CY	0.000 	0.000 	0.000 	0.000 	0.000 	0.000 	0.000 	0.000 	0.000 	0.000 	0.000 	0.000 	: 	: 	: 	: 	: 	: 	: 	: 	: 	: 	: 	: 	0.000 	0.000 	0.000 	0.000 	0.000 	0.000 	0.000 	0.000 	0.000 	0.000 	0.000 	0.000 	0.000 	0.000 	0.000 	0.000 	0.000 	0.000 	0.000 	0.000 	0.000 	0.000 	0.000 	0.000 	0.000 	0.000 	0.000 	0.000 	0.000 	0.000 	0.000 	0.000 	0.000 	0.000 	0.000 	0.000 	0.000 	0.000 	0.000 	0.000 	0.000 	0.000 	0.000 	0.000 	0.000 	0.000 	0.000 	0.000 	0.000 	0.000 	0.000 	0.000 	0.000 	0.000 	0.000 	0.000 	0.000 	0.000 	0.000 	0.000 	0.000 	0.000 
M,G3000,TOTAL,MIO_M3,CZ	3253.000 	3371.000 	3229.000 	3358.000 	3583.000 	3191.000 	2691.000 	3776.000 	3497.000 	3331.000 	3366.000 	3124.000 	3227.000 	2825.000 p	3033.000 	3197.000 	3478.000 	3580.000 	2478.000 	3359.000 	2857.000 	2439.000 	2716.000 	2938.000 	3953.887 	3589.398 	3721.680 	3422.776 	3370.910 	3904.135 	2990.441 	4499.592 	4316.383 	3400.453 	3129.662 	3182.254 	3924.250 	2861.372 	4062.429 	4463.194 	4429.736 	4103.255 	3469.469 	4083.265 	4436.855 	3637.079 	3163.260 	3018.095 	3368.432 	3030.888 	3740.058 	3646.268 	3600.612 	2992.087 	1764.567 	1260.409 	776.197 	1243.322 	1046.531 	615.205 	611.867 	541.670 	558.674 	678.896 	1032.180 	889.483 	572.478 	587.094 	473.931 	589.059 	596.602 	700.718 	463.020 	557.947 	337.526 	343.162 	639.994 	792.752 	585.173 	574.644 	426.302 	507.409 	423.153 	408.034 	473.410 	461.509 
M,G3000,TOTAL,MIO_M3,DE	14303.000 	12893.000 	14277.000 	13704.000 	14270.000 	12952.000 	10925.000 	13602.000 	12785.000 	14127.000 	14270.000 	14284.000 	15223.000 	13558.000 	14578.000 	14017.000 	13960.000 	12253.000 	10537.000 	11282.000 	11346.000 	12924.000 	14263.000 	14955.000 	15329.096 	13971.739 	14008.030 	13002.852 	12768.447 	12055.895 	9596.712 	11862.911 	12191.105 	13028.372 	13687.576 	13989.919 	13710.403 	12927.543 	14938.991 	14362.197 	13749.294 	12087.761 	10443.034 	11326.421 	12073.625 	12430.138 	12821.291 	13582.250 	13500.545 	12560.114 	13875.986 	14506.352 	13297.700 	10988.088 	9663.217 	9531.473 	8159.227 	9473.254 	8974.711 	9093.552 	9191.344 	8381.197 	8477.776 	8676.152 	8568.720 	6537.823 	6654.722 	6427.094 	4766.360 	6896.124 	7973.001 	8735.960 	8138.362 	7075.035 	7138.906 	6931.052 	6220.648 	6357.266 	6411.613 	6018.552 	4955.879 	6641.593 	7528.462 	8005.566 	7461.739 	6758.238 
M,G3000,TOTAL,MIO_M3,DK	26.000 	1.000 	99.000 	10.000 	27.000 	35.000 	36.000 	49.000 	28.000 	29.000 	23.000 	25.000 	14.000 	18.000 	22.000 	21.000 	19.000 	17.000 	19.000 	20.000 	66.000 	276.000 	334.000 	309.000 	176.150 	192.221 	233.014 	212.504 	231.570 	233.819 	249.669 	210.590 	179.327 	223.376 	241.217 	279.633 	205.849 	228.981 	199.883 	197.747 	197.802 	192.969 	185.535 	192.793 	220.489 	173.249 	194.817 	318.103 	208.877 	118.143 	150.799 	210.437 	314.575 	234.042 	154.629 	112.429 	66.127 	268.885 	361.216 	523.042 	638.746 	606.441 	673.178 	584.674 	535.813 	656.797 	855.987 	971.304 	706.400 	736.124 	837.651 	809.289 	826.484 	639.896 	593.878 	695.954 	796.652 	806.226 	868.718 	688.830 	48.294 	827.813 	765.392 	838.375 	695.946 	696.692 
M,G3000,TOTAL,MIO_M3,EE	67.000 	73.000 	72.000 	37.000 	21.000 	18.000 	19.000 	25.000 	21.000 	38.000 	47.000 	66.000 	74.000 	53.000 	53.000 	34.000 	26.000 	16.000 	17.000 	19.000 	24.000 	36.000 	44.000 	65.000 	53.900 	49.700 	50.600 	36.900 	25.900 	16.500 	17.000 	18.500 	22.600 	29.600 	40.600 	59.200 	65.000 	70.600 	52.600 	39.200 	25.700 	16.800 	15.200 	20.200 	25.600 	30.600 	43.500 	72.400 	60.400 	49.800 	45.300 	31.100 	21.400 	14.800 	11.300 	12.600 	15.600 	18.500 	29.800 	42.800 	38.700 	35.100 	37.000 	84.200 	88.000 	81.800 	11.000 	92.700 	95.600 	50.300 	37.100 	50.800 	68.400 	43.400 	34.700 	73.400 	172.000 	151.000 	14.400 	141.700 	69.700 	40.700 	54.300 	111.500 	154.000 	132.100 
M,G3000,TOTAL,MIO_M3,EL	455.000 	430.000 	364.000 	304.000 	327.000 	330.000 	387.000 	382.000 	435.000 	405.000 	453.000 	631.000 	684.000 	492.000 	310.000 	326.000 	372.000 	440.000 	443.000 	512.000 	373.000 	448.000 	426.000 	393.000 	605.744 	533.812 	401.885 	374.012 	383.110 	428.881 	582.391 	529.372 	431.596 	416.365 	489.219 	726.345 	898.804 	720.404 	877.904 	979.802 	983.227 	1126.436 	1398.284 	1350.743 	1115.687 	1289.963 	1231.791 	1364.371 	1283.356 	1167.185 	1444.693 	1130.531 	1272.862 	1343.007 	1470.344 	1331.622 	1277.306 	1287.793 	1367.565 	1568.937 	1262.838 	1247.100 	1339.313 	1302.867 	1193.797 	1234.509 	1448.063 	1313.381 	1267.253 	1478.238 	1203.776 	1355.686 	1463.006 	1444.103 	1433.152 	1145.150 	1387.651 	1355.611 	1512.969 	1150.850 	1304.720 	1478.356 	1584.558 	1640.613 	1493.692 	1394.358 
M,G3000,TOTAL,MIO_M3,ES	3366.000 	2809.000 	2865.000 	2896.000 	2675.000 	2841.000 	2596.000 	2682.000 	2616.000 	3064.000 	2926.000 	3481.000 	3254.000 	2604.000 	2650.000 	2648.000 	3067.000 	2852.000 	3543.000 	3381.000 	3596.000 	3338.000 	3048.000 	3209.000 	2878.000 	2610.000 	2793.000 	2069.000 	2435.000 	2428.000 	3037.000 	3031.000 	2890.000 	2556.000 	2764.000 	2998.000 	3088.838 	2702.154 	2891.481 	3061.949 	2911.807 	3032.458 	2568.426 	3276.470 	3130.057 	3594.195 	3280.534 	3430.805 	3364.320 	3368.366 	3342.768 	3625.390 	3259.506 	3191.675 	3255.958 	3384.872 	3126.574 	3276.284 	3088.885 	3390.434 	2959.313 	2830.664 	3369.520 	3416.461 	3084.954 	2545.777 	2819.782 	3005.894 	2738.106 	3006.749 	3064.721 	2420.810 	2871.065 	2733.568 	2586.291 	2379.878 	2602.370 	2520.417 	2466.438 	2381.739 	2300.074 	2302.053 	2649.093 	2376.663 	3156.336 	2332.088 
M,G3000,TOTAL,MIO_M3,FI	293.000 	339.000 	342.000 	168.000 	130.000 	134.000 	128.000 	171.000 	193.000 	189.000 	205.000 	286.000 	384.000 	280.000 	268.000 	213.000 	155.000 	149.000 	157.000 	148.000 	173.000 	211.000 	228.000 	243.000 	255.000 	235.000 	242.000 	192.000 	173.000 	170.000 	181.000 	184.000 	219.000 	242.000 	238.000 	296.000 	373.000 	372.000 	296.000 	219.000 	117.000 	154.000 	158.000 	175.000 	172.000 	166.000 	146.000 	282.000 	203.000 	168.000 	197.440 	93.000 	131.000 	97.000 	79.000 	104.000 	82.000 	66.000 	77.000 	121.500 	123.360 	142.360 	112.000 	225.160 	196.000 	203.160 	170.000 	130.520 	234.160 	213.440 	158.000 	212.000 	222.000 	224.000 	120.000 	210.160 	270.030 	315.000 	125.100 	280.000 	115.000 	204.000 	197.000 	175.000 	113.000 	179.140 
M,G3000,TOTAL,MIO_M3,FR	4017.000 	4336.000 	4265.000 	4043.000 	4397.000 	3748.000 	4058.000 	3748.000 	3890.000 	4056.000 	4460.000 	4298.000 	4319.000 	4093.000 	5529.000 	5710.000 	5113.000 	4408.000 	4376.000 	4109.000 	2945.000 p	4199.000 p	4930.000 p	4939.000 	3399.948 	3713.474 	4339.664 	5353.821 	5215.940 	3728.761 	3313.421 	3430.115 	2836.722 	3700.849 	3545.020 	3561.820 	3745.621 	3040.854 	4667.651 	4446.353 	4494.018 	3196.379 	3721.553 	3574.939 	3073.195 	3625.154 	3499.302 	4324.738 	4628.064 	4087.516 	5142.401 	5263.683 	5340.759 	3455.463 	4642.512 	4558.362 	4038.997 	4364.603 	4834.894 	4944.886 	4145.080 	3376.779 	3076.984 	4648.335 	4524.279 	3417.216 	4133.414 	3510.919 	2523.987 	3730.560 	4754.964 	4273.119 	3789.408 	3321.582 	3803.948 	4166.571 	3576.664 	3246.401 	3168.901 	3531.324 	3020.532 	3521.234 	2966.336 	3393.369 	3384.529 	3716.744 
M,G3000,TOTAL,MIO_M3,HR	160.000 	156.000 	132.000 	86.000 	95.000 	110.000 	106.000 	131.000 	132.000 	170.000 	164.000 	159.000 	171.000 	145.000 	158.000 	182.000 	162.000 	153.000 	142.000 	157.000 	160.000 	189.000 	191.000 	198.000 	184.400 	159.800 	172.600 	149.800 	152.500 	184.400 	185.000 	204.300 	172.800 	196.700 	179.500 	205.200 	180.300 	164.200 	256.800 	232.900 	125.800 	185.900 	204.800 	195.800 	108.900 	201.700 	193.000 	188.400 	207.400 	195.300 	211.300 	226.400 	237.900 	200.600 	254.100 	386.800 	171.400 	311.500 	267.600 	270.900 	176.200 	255.700 	204.900 	282.200 	184.100 	281.900 	204.400 	279.400 	258.300 	188.400 	197.100 	217.400 	224.600 	175.900 	267.800 	185.900 	171.400 	176.200 	255.300 	176.700 	217.800 	230.150 	178.500 	181.000 	266.900 	175.200 
M,G3000,TOTAL,MIO_M3,HU	1006.000 	825.000 	1014.000 	1132.000 	1220.000 	1732.000 	1476.000 	1460.000 	1506.000 	1203.000 	1194.000 	1149.000 	1197.000 	1207.000 	1300.000 	1922.000 	2128.000 	2147.000 	2137.000 	1986.000 	1894.000 	1477.000 	1457.000 	1809.000 	1038.000 	1283.000 	1386.000 	1494.000 	945.000 	939.000 	1158.000 	1077.000 	984.000 	1108.000 	1173.000 	1133.000 	528.000 	784.000 	947.000 	982.000 	970.000 	900.000 	698.000 	658.000 	576.600 	486.600 	435.400 	482.300 	765.700 	753.900 	1002.300 	894.200 	1029.600 	900.500 	994.300 	1055.900 	1005.800 	1201.400 	687.600 	600.900 	456.100 	506.300 	796.300 	798.200 	905.800 	934.300 	1297.000 	1241.400 	1024.600 	917.800 	772.400 	671.900 	645.600 	657.300 	776.600 	824.000 	906.760 	769.000 	968.260 	965.900 	958.200 	926.500 	848.230 	800.200 	742.700 	753.900 
M,G3000,TOTAL,MIO_M3,IE	134.000 	159.000 	187.000 	165.000 	155.000 	151.000 	162.000 	137.000 	159.000 	196.000 	230.000 	222.000 	257.000 	190.000 	245.000 	252.000 	251.000 	210.000 	219.000 	148.000 	218.000 	217.000 	306.000 	273.000 	302.000 	282.000 	297.000 	247.000 	265.000 	244.000 	267.000 	273.000 	302.000 	288.000 	314.000 	358.000 	409.000 	299.000 	347.000 	317.000 	262.000 	250.000 	361.000 	262.000 	245.000 	256.000 	325.000 	331.000 	382.000 	286.000 	333.000 	336.000 	305.000 	297.000 	336.000 	326.000 	282.000 	262.000 	302.000 	405.000 	369.000 	325.000 	374.000 	314.000 	310.000 	273.000 	296.000 	274.000 	246.000 	289.000 	340.000 	308.000 	424.000 	328.000 	342.000 	317.000 	324.000 	273.000 	283.000 	251.000 	298.000 	338.000 	431.000 	386.000 	460.000 	324.000 
M,G3000,TOTAL,MIO_M3,IT	5347.000 	5719.000 	6399.000 	5901.000 	6240.000 	5744.000 	5932.000 	5238.000 	5379.000 	4929.000 	5140.000 	5909.000 	6546.000 	5116.000 	6047.000 	6713.000 	6695.000 	6377.000 	6554.000 	5476.000 	5489.000 	5203.000 	5333.000 	5363.000 	5651.000 	4829.000 	5654.000 	6164.000 	5760.000 	5831.000 	5866.000 	5184.000 	5348.000 	5232.000 	4816.000 	5892.000 	6235.000 	4939.000 	6155.000 	7092.000 	6698.000 	5815.000 	5990.000 	5475.000 	5259.000 	6017.000 	5927.000 	7126.000 	6469.000 	5548.000 	6682.000 	6435.000 	6639.000 	5925.000 	6945.000 	5567.000 	5610.000 	5436.000 	5190.000 	5957.000 	5491.000 	4955.000 	5619.000 	5876.000 	5518.000 	4967.000 	5273.000 	4702.000 	4687.000 	4865.000 	4814.000 	4836.000 	4583.000 	4701.635 	5667.126 	5397.661 	5162.174 	4642.398 	5080.000 	4626.893 	4478.152 	4629.697 	4776.201 	5420.865 	4929.691 	4535.276 
M,G3000,TOTAL,MIO_M3,LT	515.000 	488.000 	573.000 	342.000 	407.000 	312.000 	256.000 	255.000 	597.000 	356.000 	468.000 	532.000 	487.000 	450.000 	554.000 	315.000 	371.000 	345.000 	415.000 	332.000 	425.000 	444.000 	530.000 	494.000 	457.000 	469.200 	463.900 	336.100 	459.300 	426.200 	485.600 	467.000 	369.000 	442.600 	438.600 	558.400 	586.200 	486.400 	529.800 	399.200 	428.400 	342.300 	261.800 	252.400 	363.200 	404.700 	390.300 	557.400 	445.500 	466.100 	741.700 	438.200 	404.500 	554.400 	314.100 	592.500 	328.000 	399.500 	484.900 	592.000 	610.000 	369.000 	597.000 	416.400 	355.900 	355.900 	452.000 	471.500 	407.300 	531.900 	597.300 	363.400 	587.500 	460.900 	441.100 	383.700 	250.100 	305.200 	451.200 	286.400 	524.100 	415.500 	641.900 	407.400 	656.300 	262.700 
M,G3000,TOTAL,MIO_M3,LU	93.000 	101.000 	95.000 	57.000 	47.000 	40.000 	38.000 	34.000 	44.000 	61.000 	82.000 	89.000 	107.000 	85.000 	82.000 	63.000 	56.000 	41.000 	39.000 	34.000 	44.000 	61.000 	83.000 	84.000 	94.522 	82.373 	74.672 	47.310 	44.469 	36.328 	34.217 	29.431 	39.069 	62.317 	75.317 	83.008 	100.971 	82.780 	81.412 	67.964 	57.152 	35.672 	35.956 	32.690 	38.979 	60.521 	80.391 	82.262 	94.193 	75.151 	69.030 	54.387 	33.724 	26.458 	24.262 	20.543 	30.989 	38.365 	52.530 	69.304 	71.647 	65.148 	63.454 	49.774 	33.153 	23.757 	24.664 	21.776 	25.762 	40.301 	63.022 	68.991 	83.438 	62.631 	57.718 	50.173 	36.670 	31.366 	27.623 	19.231 	31.701 	44.244 	64.159 	73.912 	82.740 	72.203 
M,G3000,TOTAL,MIO_M3,LV	20.000 	1.000 	8.000 	10.000 	34.000 	63.000 	309.000 	411.000 	494.000 	193.000 	57.000 	41.000 	23.000 	49.000 	0.000 	5.000 	265.000 	355.000 	424.000 	402.000 	382.000 	195.000 	65.000 	25.000 	2.843 	0.100 	109.284 	163.023 	277.303 	358.721 	412.767 	343.571 	383.915 	171.618 	79.296 	99.351 	17.594 	5.320 	33.919 	136.711 	393.821 	357.396 	375.904 	315.250 	160.049 	117.778 	18.189 	81.152 	21.820 	59.349 	303.282 	123.377 	193.396 	196.443 	263.886 	147.629 	172.630 	196.270 	190.685 	47.163 	171.505 	89.769 	141.474 	129.821 	229.294 	273.513 	212.337 	277.425 	259.269 	170.526 	33.164 	0.000 	0.000 	15.627 	30.608 	82.444 	155.688 	237.200 	212.181 	156.257 	203.404 	146.854 	53.381 	0.407 	59.750 	0.622 
M,G3000,TOTAL,MIO_M3,MT	62.000 	0.000 	61.000 	0.000 	0.000 	58.000 	6.000 	61.000 	19.000 	54.000 	0.000 	59.000 	0.000 	60.661 	0.000 	60.655 	9.041 	62.238 	8.707 	62.164 	0.000 	60.658 	0.000 	55.298 	0.000 	67.707 	0.000 	56.583 	0.000 	62.124 	55.751 	0.000 	56.208 	0.000 	31.503 	34.306 	0.000 	65.844 	0.000 	65.637 	0.000 	65.853 	0.000 	65.847 	0.000 	65.409 	0.000 	63.681 	0.000 	61.969 	0.000 	0.000 	66.004 	0.000 	65.663 	65.792 	0.000 	63.219 	0.000 	61.795 	0.000 	62.375 	0.000 	63.030 	0.000 	53.669 	65.531 	0.000 	66.172 	0.000 	66.022 	0.000 	64.433 	0.000 	0.000 	65.142 	0.000 	62.874 	0.000 	61.576 	64.581 	0.000 	0.000 	61.984 	0.000 	57.331 
M,G3000,TOTAL,MIO_M3,NL	4872.000 	5367.000 	4896.000 	4978.000 	5128.000 	4757.000 	4744.000 	5350.000 	5433.000 	4926.000 	4942.000 	5313.000 	5616.054 	4838.985 	5433.836 	4914.979 	5096.188 	4981.603 	4439.952 	4297.671 	4193.049 	4936.730 	5148.304 	5490.619 	4906.156 	4869.115 	4908.047 	5320.462 	5468.277 	5037.391 	4985.169 	4311.379 	5283.509 	4788.225 	5075.917 	4814.256 	5747.267 	4369.362 	5472.635 	4755.639 	4618.068 	4402.407 	4356.621 	4584.899 	5116.506 	5165.845 	4649.616 	4257.435 	4588.806 	4171.669 	5096.137 	4899.267 	5933.637 	5659.619 	5664.689 	5259.681 	5768.959 	5435.832 	4697.287 	5000.435 	4929.769 	4648.780 	4665.232 	5773.614 	5843.686 	5187.900 	5346.590 	5212.516 	3833.084 	4571.316 	4540.868 	4079.051 	3945.500 	3684.766 	4176.541 	4888.455 	4821.473 	4677.612 	5000.714 	4896.783 	3842.193 	3647.846 	3200.138 	3350.673 	3995.592 	4072.520 
M,G3000,TOTAL,MIO_M3,PL	4005.000 	3638.000 	4239.000 	3781.000 	3901.000 	3729.000 	3259.000 	3851.000 	3759.000 	3676.000 	3536.000 	3796.000 	3954.000 	3528.000 	3868.000 	3502.000 	4129.000 	3564.000 	3588.000 	2927.000 	3663.000 	3941.000 	4024.000 	4102.000 	3281.051 	2989.947 	3135.531 	3263.361 	2954.730 	3617.688 	2923.680 	3822.102 	3482.183 	3732.315 	3919.208 	3916.604 	4140.226 	3552.372 	4042.462 	3981.596 	4081.709 	3814.920 	3713.561 	2665.694 	3281.539 	1769.712 	2153.581 	2162.347 	1176.540 	1420.744 	2050.161 	1775.560 	1474.349 	939.194 	961.034 	856.563 	721.545 	1071.607 	1294.104 	1452.776 	1214.274 	1191.406 	1111.001 	1110.024 	1085.157 	1330.147 	1577.854 	1348.550 	1419.654 	1719.084 	2019.712 	2176.636 	1642.213 	1505.853 	1522.343 	1639.354 	1692.041 	1834.128 	1887.868 	1759.150 	1381.702 	1890.521 	2207.722 	2091.400 	2037.131 	1763.390 
M,G3000,TOTAL,MIO_M3,PT	566.000 	352.000 	481.000 	325.000 	503.000 	534.000 	599.000 	446.000 	547.000 	568.000 	531.000 	456.000 	560.000 	445.000 	360.000 	472.000 	588.000 	465.000 	656.000 	630.000 	526.000 	512.000 	547.000 	443.000 	560.517 	617.669 	463.600 	461.317 	371.806 	379.260 	502.361 	588.780 	597.874 	594.574 	433.271 	489.901 	562.322 	361.639 	465.927 	473.588 	534.161 	544.325 	391.046 	528.875 	407.364 	671.880 	505.292 	428.427 	597.812 	514.942 	490.127 	466.380 	618.302 	551.903 	418.151 	598.536 	418.266 	521.105 	455.905 	528.069 	312.462 	466.325 	405.774 	456.619 	455.600 	463.526 	443.415 	613.740 	304.912 	535.978 	301.883 	430.308 	372.340 	448.327 	246.974 	438.777 	339.370 	411.904 	432.726 	490.594 	401.907 	383.660 	360.290 	414.498 	425.268 	412.365 
M,G3000,TOTAL,MIO_M3,RO	256.000 	219.000 	302.000 	3.000 	2.000 	1.000 	23.000 	58.000 	122.000 	71.000 	170.000 	290.000 	396.000 	275.000 	174.000 	123.000 	114.000 	141.000 	177.000 	199.000 	207.000 	276.000 	265.000 	325.000 	316.000 	271.000 	202.000 	154.000 	149.000 	191.000 	143.000 	137.000 	86.000 	81.000 	176.000 	232.000 	254.000 	285.000 	331.000 	207.000 	287.000 	259.000 	358.000 	405.000 	212.000 	285.000 	277.000 	400.000 	374.000 	252.000 	268.000 	111.000 	160.000 	170.000 	288.000 	263.000 	191.000 	202.000 	162.000 	376.000 	55.000 	163.000 	81.000 	244.000 	191.000 	128.000 	319.000 	380.000 	326.000 	331.000 	250.000 	151.000 	134.000 	124.000 	144.000 	211.000 	207.000 	213.000 	221.000 	214.000 	217.000 	232.000 	165.000 	173.000 	196.000 	377.000 
M,G3000,TOTAL,MIO_M3,SE	105.000 	141.000 	117.000 	89.000 	74.000 	41.000 	59.000 	77.000 	60.000 	84.000 	118.000 	123.000 	130.000 	104.000 	126.000 	101.000 	124.000 	62.000 	90.000 	77.000 	69.000 	72.000 	101.000 	119.000 	119.000 	119.000 	107.000 	77.030 	79.000 	84.970 	57.200 	88.000 	83.000 	166.000 	149.000 	182.000 	187.000 	161.000 	123.000 	105.000 	69.600 	109.000 	70.000 	86.655 	80.536 	101.894 	107.272 	144.778 	103.383 	78.382 	57.967 	57.668 	51.693 	47.418 	52.892 	53.119 	44.952 	52.828 	49.407 	74.684 	88.309 	67.516 	83.435 	56.845 	51.962 	56.090 	48.678 	59.185 	68.163 	72.208 	90.888 	106.465 	128.065 	75.403 	76.190 	77.727 	67.809 	43.815 	58.477 	65.107 	56.766 	60.437 	87.791 	62.692 	84.781 	74.303 
M,G3000,TOTAL,MIO_M3,SI	134.000 	152.000 	149.000 	86.000 	77.000 	72.000 	75.000 	74.000 	84.000 	94.000 	109.000 	134.000 	151.000 	128.000 	117.000 	120.000 	98.000 	80.000 	76.000 	134.000 	121.000 	144.000 	154.000 	164.000 	189.600 	158.300 	158.100 	106.600 	96.600 	100.100 	116.800 	203.000 	104.300 	95.500 	115.400 	120.800 	132.100 	109.600 	112.200 	103.600 	76.700 	62.800 	61.900 	65.600 	69.900 	85.800 	104.700 	131.800 	130.300 	103.600 	142.300 	115.600 	67.500 	64.200 	91.100 	137.600 	74.800 	104.100 	120.600 	95.900 	104.000 	98.400 	107.200 	93.100 	93.100 	66.200 	68.200 	52.300 	60.000 	61.000 	88.600 	98.600 	110.700 	84.900 	83.200 	74.300 	61.900 	53.000 	57.500 	53.200 	58.900 	59.700 	90.100 	104.500 	109.611 	97.987 
M,G3000,TOTAL,MIO_M3,SK	2823.000 	3252.000 	4436.000 	5188.000 	5211.000 	4644.000 	5589.000 	5001.000 	4715.000 	4340.000 	4418.000 	4423.000 	4657.000 	3987.000 	5209.000 	5635.000 	6393.000 	5612.000 	6178.000 	4876.000 	4698.000 	5018.000 	5480.000 	5225.000 	2791.770 	3649.433 	5008.210 	4440.871 	4559.043 	4958.586 	4803.839 	4956.235 	3754.635 	4251.372 	3728.541 	4008.743 	3340.606 	1857.361 	3262.657 	3657.853 	3894.911 	3746.259 	3526.411 	3783.888 	3518.190 	3532.156 	3220.870 	3277.868 	2065.607 	2247.089 	3816.937 	2426.633 	2979.260 	2376.131 	1940.099 	1801.867 	1411.203 	1646.972 	1476.450 	1397.307 	1130.111 	1048.477 	1185.701 	1131.203 	1368.702 	1351.697 	1302.207 	1420.243 	1135.215 	1205.115 	1225.805 	1466.234 	1482.994 	1355.489 	1424.539 	1410.296 	1480.371 	1538.705 	1546.822 	1529.414 	1364.907 	1532.868 	1546.491 	1491.704 	275.112 	312.584 
M,G3200,TOTAL,MIO_M3,AT	0.000 	0.000 	0.000 	0.000 	0.000 	0.000 	0.000 	0.000 	0.000 	0.000 	0.000 	0.000 	0.000 	0.000 	0.000 	0.000 	0.000 	0.000 	0.000 	0.000 	0.000 	0.000 	0.000 	0.000 	: 	: 	: 	: 	: 	: 	: 	: 	: 	: 	: 	: 	0.000 	0.000 	0.000 	0.000 	0.000 	0.000 	0.000 	0.000 	0.000 	0.000 	0.000 	0.000 	0.000 	0.000 	0.000 	0.000 	0.000 	0.000 	0.000 	0.000 	0.000 	0.000 	0.000 	0.000 	0.000 	0.000 	0.000 	0.000 	0.000 	0.000 	0.000 	0.000 	0.000 	0.000 	0.000 	0.000 	0.000 	0.000 	0.000 	0.000 	0.000 	0.000 	0.000 	0.000 	0.000 	0.000 	0.000 	0.000 	0.000 	0.000 
M,G3200,TOTAL,MIO_M3,BE	96.000 	85.300 	85.900 	182.100 	425.900 	246.800 	260.100 	481.400 	123.700 	626.100 	265.700 	107.400 	438.200 	308.700 	971.700 	840.400 	843.700 	522.600 	692.300 	809.900 	436.300 	657.400 	950.200 	1211.100 	986.800 	1453.500 	2076.500 	999.000 	1256.200 	749.700 	360.100 	288.000 	451.600 	102.600 	888.300 	511.100 	611.400 	537.200 	1045.700 	1087.500 	1198.500 	571.100 	452.800 	307.400 	269.200 	817.400 	872.300 	808.400 	1345.300 	795.600 	1424.500 	1614.800 	1377.700 	1924.000 	1105.800 	1095.200 	816.500 	1331.900 	1532.100 	1569.300 	1649.900 	1263.100 	1758.500 	1643.600 	1553.600 	998.500 	890.000 	737.800 	595.400 	1193.500 	1495.200 	1503.500 	1410.900 	1454.400 	1761.400 	1216.900 	994.400 	976.500 	792.900 	376.400 	256.500 	738.900 	578.200 	828.100 	742.200 	1572.800 
M,G3200,TOTAL,MIO_M3,BG	0.000 	0.000 	0.000 	0.000 	0.000 	0.000 	0.000 	0.000 	0.000 	0.000 	0.000 	0.000 	0.000 	0.000 	0.000 	0.000 	0.000 	0.000 	0.000 	0.000 	0.000 	0.000 	0.000 	0.000 	: 	: 	: 	: 	: 	: 	: 	: 	: 	: 	: 	: 	0.000 	0.000 	0.000 	0.000 	0.000 	0.000 	0.000 	0.000 	0.000 	0.000 	0.000 	0.000 	0.000 	0.000 	0.000 	0.000 	0.000 	197.655 	197.655 	80.915 	64.091 	58.029 	0.000 	3.423 	46.462 	46.799 	0.000 	92.867 	62.005 	0.000 	0.000 	0.000 	80.884 	0.000 	136.962 	0.000 	119.591 	50.204 	0.000 	0.000 	0.000 	90.439 	0.000 	20.098 	18.024 	39.253 	58.562 	65.417 	113.598 	98.853 
M,G3200,TOTAL,MIO_M3,CY	0.000 	0.000 	0.000 	0.000 	0.000 	0.000 	0.000 	0.000 	0.000 	0.000 	0.000 	0.000 	: 	: 	: 	: 	: 	: 	: 	: 	: 	: 	: 	: 	0.000 	0.000 	0.000 	0.000 	0.000 	0.000 	0.000 	0.000 	0.000 	0.000 	0.000 	0.000 	0.000 	0.000 	0.000 	0.000 	0.000 	0.000 	0.000 	0.000 	0.000 	0.000 	0.000 	0.000 	0.000 	0.000 	0.000 	0.000 	0.000 	0.000 	0.000 	0.000 	0.000 	0.000 	0.000 	0.000 	0.000 	0.000 	0.000 	0.000 	0.000 	0.000 	0.000 	0.000 	0.000 	0.000 	0.000 	0.000 	0.000 	0.000 	0.000 	0.000 	0.000 	0.000 	0.000 	0.000 	0.000 	0.000 	0.000 	0.000 	0.000 	0.000 
M,G3200,TOTAL,MIO_M3,CZ	0.000 	0.000 	0.000 	0.000 	0.000 	0.000 	0.000 	0.000 	0.000 	0.000 	0.000 	0.000 	0.000 	0.000 	0.000 	0.000 	0.000 	0.000 	0.000 	0.000 	0.000 	0.000 	0.000 	0.000 	: 	: 	: 	: 	: 	: 	: 	: 	: 	: 	: 	: 	0.000 	0.000 	0.000 	0.000 	0.000 	0.000 	0.000 	0.000 	0.000 	0.000 	0.000 	0.000 	0.000 	0.000 	0.000 	0.000 	0.000 	0.000 	0.000 	0.000 	0.000 	0.000 	0.000 	0.000 	0.000 	0.000 	0.000 	0.000 	0.000 	0.000 	0.000 	0.000 	0.000 	0.000 	0.000 	0.000 	0.000 	0.000 	0.000 	0.000 	0.000 	0.000 	0.000 	0.000 	0.000 	0.000 	0.000 	0.000 	0.000 	0.000 
M,G3200,TOTAL,MIO_M3,DE	0.000 	0.000 	0.000 	0.000 	0.000 	0.000 	0.000 	0.000 	0.000 	0.000 	0.000 	0.000 	0.000 	0.000 	0.000 	0.000 	0.000 	0.000 	0.000 	0.000 	0.000 	0.000 	0.000 	0.000 	: 	: 	: 	: 	: 	: 	: 	: 	: 	: 	: 	: 	0.000 	0.000 	0.000 	0.000 	0.000 	0.000 	0.000 	0.000 	0.000 	0.000 	0.000 	0.000 	0.000 	0.000 	0.000 	0.000 	0.000 	0.000 	0.000 	0.000 	0.000 	0.000 	0.000 	0.000 	351.780 	437.749 	462.895 	642.405 	657.582 	634.903 	498.969 	570.929 	511.854 	602.540 	553.712 	625.943 	628.704 	584.130 	589.403 	584.096 	671.156 	730.812 	406.987 	329.047 	443.697 	387.899 	439.696 	623.528 	340.682 	272.371 
M,G3200,TOTAL,MIO_M3,DK	0.000 	0.000 	0.000 	0.000 	0.000 	0.000 	0.000 	0.000 	0.000 	0.000 	0.000 	0.000 	0.000 	0.000 	0.000 	0.000 	0.000 	0.000 	0.000 	0.000 	0.000 	0.000 	0.000 	0.000 	0.000 	0.000 	0.000 	0.000 	0.000 	0.000 	0.000 	0.000 	0.000 	0.000 	0.000 	0.000 	0.000 	0.000 	0.000 	0.000 	0.000 	0.000 	0.000 	0.000 	0.000 	0.000 	0.000 	0.000 	0.000 	0.000 	0.000 	0.000 	0.000 	0.000 	0.000 	0.000 	0.000 	0.000 	0.000 	0.000 	0.000 	0.000 	0.000 	0.000 	0.000 	0.000 	0.000 	0.000 	0.000 	0.000 	0.000 	0.000 	0.000 	0.000 	0.000 	0.000 	0.000 	0.000 	0.000 	0.000 	0.000 	0.000 	0.000 	0.000 	0.000 	0.000 
M,G3200,TOTAL,MIO_M3,EE	0.000 	0.000 	0.000 	0.000 	0.000 	0.000 	0.000 	0.000 	0.000 	0.000 	0.000 	0.000 	0.000 	0.000 	0.000 	0.000 	0.000 	0.000 	0.000 	0.000 	0.000 	0.000 	0.000 	0.000 	: 	: 	: 	: 	0.000 	: 	: 	: 	: 	: 	: 	: 	0.000 	0.000 	0.000 	0.000 	0.000 	0.000 	0.000 	0.000 	0.000 	0.000 	0.000 	0.000 	0.000 	0.000 	0.000 	0.000 	0.000 	0.000 	0.000 	0.000 	0.000 	0.000 	0.000 	0.000 	0.000 	0.000 	0.000 	0.000 	0.000 	0.000 	0.000 	0.000 	0.000 	0.000 	0.000 	0.000 	0.000 	0.000 	0.000 	0.000 	0.000 	0.000 	0.000 	0.000 	0.000 	0.000 	0.000 	0.000 	0.000 	0.000 
M,G3200,TOTAL,MIO_M3,EL	115.000 	117.000 	43.000 	0.000 	0.000 	44.000 	109.000 	106.000 	87.000 	43.000 	130.000 	232.000 	293.000 	210.000 	122.000 	0.000 	195.000 	252.000 	260.000 	323.000 	241.000 	316.000 	380.000 	207.000 	378.739 	396.679 	209.591 	239.560 	235.051 	271.846 	276.457 	211.827 	128.607 	191.276 	132.488 	359.527 	170.135 	101.720 	216.702 	94.265 	169.169 	222.883 	266.783 	225.618 	182.426 	169.441 	144.396 	267.702 	341.162 	199.851 	271.816 	71.957 	285.148 	340.490 	377.021 	375.292 	273.206 	224.197 	358.330 	437.994 	276.650 	317.719 	271.918 	239.937 	255.400 	217.078 	301.971 	216.988 	97.877 	147.932 	43.110 	220.817 	281.499 	180.411 	178.502 	0.000 	88.452 	99.030 	145.100 	75.058 	88.363 	219.116 	301.132 	335.514 	403.411 	288.786 
M,G3200,TOTAL,MIO_M3,ES	1408.000 	962.000 	944.000 	1224.000 	1068.000 	1234.000 	1197.000 	1251.000 	1092.000 	1566.000 	1214.000 	1695.000 	1219.000 	1104.000 	1450.000 	1459.000 	1880.000 	1843.000 	2452.000 	2322.000 	2624.000 	1724.000 	1602.000 	1727.000 	1890.000 	1720.000 	2155.000 	1393.000 	1760.000 	1698.000 	2013.000 	2016.000 	1790.000 	1179.000 	1325.000 	1430.000 	1406.464 	1386.489 	1363.300 	1658.070 	1413.468 	1611.690 	1103.570 	1917.706 	1489.959 	2307.168 	2138.783 	2354.439 	2316.165 	2353.555 	2374.044 	2724.635 	2528.861 	2456.133 	2354.062 	2143.514 	2178.918 	2106.159 	2363.650 	2476.869 	1990.387 	1910.458 	2665.972 	2666.122 	2203.663 	1902.397 	1825.189 	2079.077 	1804.796 	2036.753 	2128.405 	1434.298 	1879.562 	1836.169 	1696.097 	1434.360 	1628.976 	1505.251 	1405.934 	1299.505 	1357.143 	1273.737 	1618.187 	1293.280 	2131.570 	1448.748 
M,G3200,TOTAL,MIO_M3,FI	0.000 	0.000 	0.000 	0.000 	0.000 	0.000 	0.000 	0.000 	0.000 	0.000 	0.000 	0.000 	30.000 	14.000 	20.000 	31.000 	0.000 	19.000 	16.000 	10.000 	16.000 	11.000 	10.000 	38.000 	13.000 	11.000 	16.000 	11.000 	17.000 	20.000 	27.000 	20.000 	17.000 	27.000 	31.000 	35.000 	17.000 	24.000 	17.000 	39.000 	19.000 	32.000 	24.000 	33.000 	27.000 	33.000 	0.000 	12.000 	30.000 	25.000 	21.440 	17.000 	30.000 	22.000 	12.000 	37.000 	23.000 	22.000 	18.000 	35.500 	43.360 	27.360 	23.000 	218.160 	194.000 	203.160 	170.000 	128.520 	229.160 	213.440 	158.000 	212.000 	222.000 	224.000 	120.000 	210.160 	270.030 	312.000 	125.000 	280.000 	98.000 	184.000 	190.000 	109.000 	0.000 	91.140 
M,G3200,TOTAL,MIO_M3,FR	553.000 	533.000 	890.000 	847.000 	1265.000 	663.000 	607.000 	652.000 	545.000 	1085.000 	1498.000 	1247.000 	1381.000 	1423.000 	2335.000 	2572.000 	1832.000 	1739.000 	1046.000 	991.000 	823.000 p	1320.000 p	2567.000 p	2046.000 	1416.467 	1754.002 	2070.402 	2269.793 	2489.592 	749.019 	812.249 	952.648 	818.135 	1359.715 	1207.434 	903.036 	464.579 	865.849 	2267.108 	2355.919 	1771.467 	1086.307 	1085.127 	822.667 	956.859 	1157.812 	1347.281 	1567.339 	2898.879 	2276.019 	2885.801 	2875.942 	2866.160 	1589.009 	2596.332 	2793.785 	2344.091 	2547.624 	3027.127 	3219.030 	2761.445 	2275.660 	1180.599 	2210.572 	2688.599 	2268.126 	2220.774 	1683.073 	1764.238 	1941.565 	3193.938 	2922.724 	2366.896 	2057.311 	2384.491 	2684.465 	1898.765 	1422.931 	1192.950 	1373.992 	1545.554 	2218.581 	2122.391 	2143.742 	2539.211 	2643.870 
M,G3200,TOTAL,MIO_M3,HR	0.000 	0.000 	0.000 	0.000 	0.000 	0.000 	0.000 	0.000 	0.000 	0.000 	0.000 	0.000 	0.000 	0.000 	0.000 	0.000 	0.000 	0.000 	0.000 	0.000 	0.000 	0.000 	0.000 	0.000 	: 	: 	: 	: 	: 	: 	: 	: 	: 	: 	: 	: 	85.000 	0.000 	178.000 	174.200 	91.400 	165.600 	173.300 	169.600 	91.500 	160.900 	176.100 	167.100 	171.100 	181.500 	156.700 	181.600 	222.700 	185.500 	212.900 	291.000 	144.800 	263.000 	225.500 	267.300 	169.200 	244.900 	175.800 	257.900 	145.000 	266.900 	180.500 	267.000 	243.900 	183.700 	187.800 	216.300 	224.600 	175.900 	267.800 	185.900 	171.400 	175.600 	255.300 	176.700 	217.800 	227.100 	178.500 	181.000 	266.900 	170.700 
M,G3200,TOTAL,MIO_M3,HU	0.000 	0.000 	0.000 	0.000 	0.000 	0.000 	0.000 	0.000 	0.000 	0.000 	0.000 	0.000 	0.000 	0.000 	0.000 	0.000 	0.000 	0.000 	0.000 	0.000 	0.000 	0.000 	0.000 	0.000 	: 	: 	: 	: 	: 	: 	: 	: 	: 	: 	: 	0.000 	0.000 	0.000 	0.000 	0.000 	0.000 	0.000 	0.000 	0.000 	0.000 	0.000 	0.000 	0.000 	0.000 	0.000 	0.000 	0.000 	0.000 	0.000 	0.000 	0.000 	0.000 	0.000 	0.000 	0.000 	0.000 	0.000 	0.000 	0.000 	0.000 	0.000 	0.000 	0.000 	0.000 	0.000 	0.000 	0.000 	0.000 	0.000 	0.000 	0.000 	0.000 	0.000 	0.000 	0.000 	0.000 	0.000 	0.000 	0.000 	0.000 	0.000 
M,G3200,TOTAL,MIO_M3,IE	0.000 	0.000 	0.000 	0.000 	0.000 	0.000 	0.000 	0.000 	0.000 	0.000 	0.000 	0.000 	0.000 	0.000 	0.000 	0.000 	0.000 	0.000 	0.000 	0.000 	0.000 	0.000 	0.000 	0.000 	: 	: 	: 	: 	: 	: 	: 	: 	: 	: 	: 	: 	0.000 	0.000 	0.000 	0.000 	0.000 	0.000 	0.000 	0.000 	0.000 	0.000 	0.000 	0.000 	0.000 	0.000 	0.000 	0.000 	0.000 	0.000 	0.000 	0.000 	0.000 	0.000 	0.000 	0.000 	0.000 	0.000 	0.000 	0.000 	0.000 	0.000 	0.000 	0.000 	0.000 	0.000 	0.000 	0.000 	0.000 	0.000 	0.000 	0.000 	0.000 	0.000 	0.000 	0.000 	0.000 	0.000 	0.000 	0.000 	0.000 	0.000 
M,G3200,TOTAL,MIO_M3,IT	544.000 	355.000 	806.000 	592.000 	768.000 	622.000 	622.000 	660.000 	618.000 	885.000 	1182.000 	974.000 	935.000 	956.000 	1434.000 	1217.000 	1037.000 	1334.000 	1263.000 	1224.000 	1133.000 	1160.000 	1055.000 	1117.000 	972.000 	1060.000 	1029.000 	977.000 	1048.000 	1351.000 	1346.000 	843.000 	1164.000 	956.000 	994.000 	723.000 	499.000 	768.000 	1016.000 	1372.000 	932.000 	1073.000 	864.000 	742.000 	771.000 	535.000 	622.000 	628.000 	1002.000 	919.000 	1074.000 	1214.000 	1238.000 	1408.000 	1451.000 	786.000 	1096.000 	1358.000 	1265.000 	1460.000 	1303.000 	1255.000 	1585.000 	1432.000 	1375.000 	1268.000 	1524.000 	1325.000 	1087.000 	1322.000 	1542.000 	1531.000 	1347.000 	1435.226 	1185.130 	1401.613 	1254.042 	901.003 	1148.000 	1190.106 	1010.370 	1122.479 	1203.777 	1521.293 	1497.974 	1342.127 
M,G3200,TOTAL,MIO_M3,LT	0.000 	0.000 	64.000 	90.000 	194.000 	90.000 	87.000 	0.000 	336.000 	1.000 	86.000 	86.000 	0.000 	0.000 	85.000 	96.000 	192.000 	189.000 	251.000 	104.000 	252.000 	194.000 	268.000 	210.000 	120.000 	192.200 	219.800 	89.800 	273.100 	182.800 	127.400 	113.100 	118.000 	185.100 	114.900 	199.400 	107.900 	123.200 	219.200 	104.500 	207.800 	101.800 	117.900 	107.300 	162.600 	110.400 	50.100 	112.500 	27.700 	131.700 	253.100 	192.300 	278.600 	430.100 	202.500 	447.000 	191.100 	278.000 	271.700 	340.900 	372.700 	127.100 	328.100 	247.500 	199.000 	222.100 	296.200 	329.500 	249.500 	263.300 	319.700 	52.500 	178.100 	215.400 	190.500 	182.000 	0.000 	177.700 	271.100 	172.300 	300.800 	196.500 	381.200 	109.600 	412.200 	72.400 
M,G3200,TOTAL,MIO_M3,LU	0.000 	0.000 	0.000 	0.000 	0.000 	0.000 	0.000 	0.000 	0.000 	0.000 	0.000 	0.000 	0.000 	0.000 	0.000 	0.000 	0.000 	0.000 	0.000 	0.000 	0.000 	0.000 	0.000 	0.000 	: 	: 	: 	: 	: 	: 	: 	: 	: 	: 	: 	: 	0.000 	0.000 	0.000 	0.000 	0.000 	0.000 	0.000 	0.000 	0.000 	0.000 	0.000 	0.000 	0.000 	0.000 	0.000 	0.000 	0.000 	0.000 	0.000 	0.000 	0.000 	0.000 	0.000 	0.000 	0.000 	0.000 	0.000 	0.000 	0.000 	0.000 	0.000 	0.000 	0.000 	0.000 	0.000 	0.000 	0.000 	0.000 	0.000 	0.000 	0.000 	0.000 	0.000 	0.000 	0.000 	0.000 	0.000 	0.000 	0.000 	0.000 
M,G3200,TOTAL,MIO_M3,LV	0.000 	0.000 	0.000 	0.000 	0.000 	0.000 	0.000 	0.000 	0.000 	0.000 	0.000 	0.000 	0.000 	0.000 	0.000 	0.000 	0.000 	0.000 	0.000 	0.000 	0.000 	0.000 	0.000 	0.000 	: 	: 	: 	: 	: 	: 	: 	: 	: 	: 	: 	: 	0.000 	0.000 	0.000 	0.000 	0.000 	0.000 	0.000 	0.000 	0.000 	0.000 	0.000 	0.000 	0.000 	0.000 	0.000 	0.000 	0.000 	0.000 	0.000 	0.000 	0.000 	0.000 	0.000 	0.000 	0.000 	0.000 	0.000 	0.000 	0.000 	0.000 	0.000 	0.000 	0.000 	0.000 	0.000 	0.000 	0.000 	0.000 	0.000 	0.000 	0.000 	0.000 	0.000 	0.000 	0.000 	0.000 	0.000 	0.000 	0.000 	0.000 
M,G3200,TOTAL,MIO_M3,MT	0.000 	0.000 	0.000 	0.000 	0.000 	0.000 	0.000 	0.000 	0.000 	0.000 	0.000 	0.000 	0.000 	60.661 	0.000 	60.655 	9.041 	62.238 	8.707 	62.164 	0.000 	60.658 	0.000 	55.298 	0.000 	67.707 	0.000 	56.583 	0.000 	62.124 	55.751 	0.000 	56.208 	0.000 	31.503 	34.306 	0.000 	65.844 	0.000 	65.637 	0.000 	65.853 	0.000 	65.847 	0.000 	65.409 	0.000 	63.681 	0.000 	61.969 	0.000 	0.000 	66.004 	0.000 	65.663 	65.792 	0.000 	63.219 	0.000 	61.795 	0.000 	62.375 	0.000 	63.030 	0.000 	53.669 	65.531 	0.000 	66.172 	0.000 	66.022 	0.000 	64.433 	0.000 	0.000 	65.142 	0.000 	62.874 	0.000 	61.576 	64.581 	0.000 	0.000 	61.984 	0.000 	57.331 
M,G3200,TOTAL,MIO_M3,NL	11.000 	484.000 	205.000 	459.000 	504.000 	308.000 	395.000 	449.000 	900.000 	593.000 	958.000 	754.000 	730.647 	850.603 	954.757 	1207.105 	1084.134 	1163.326 	819.623 	676.324 	479.952 	345.948 	1021.902 	1057.027 	1162.327 	1038.747 	1226.636 	1248.337 	1241.833 	356.887 	782.370 	553.628 	315.174 	569.336 	720.191 	366.554 	354.884 	454.269 	1291.524 	1370.382 	1338.887 	704.245 	451.320 	378.874 	757.313 	1029.522 	925.825 	1232.977 	1111.534 	1398.445 	1513.299 	1453.550 	1568.434 	1592.436 	1708.697 	1645.573 	2066.468 	2156.455 	1820.898 	1687.956 	1650.342 	1834.554 	2236.147 	2330.310 	2499.595 	2425.569 	2469.050 	2310.764 	1800.539 	2199.558 	2236.552 	2122.923 	1893.670 	1948.234 	1815.367 	2405.270 	2011.444 	1894.945 	1573.120 	1740.548 	1713.801 	1696.035 	1821.472 	1742.503 	1789.660 	1682.465 
M,G3200,TOTAL,MIO_M3,PL	132.000 	129.000 	255.000 	258.000 	218.000 	345.000 	262.000 	253.000 	128.000 	253.000 	215.000 	294.000 	306.000 	219.000 	214.000 	316.000 	388.000 	350.000 	233.000 	257.000 	225.000 	255.000 	355.000 	356.000 	389.231 	312.369 	297.933 	455.943 	427.151 	349.079 	205.554 	299.554 	261.807 	214.057 	388.500 	229.023 	227.604 	237.708 	355.515 	482.954 	433.835 	357.140 	413.663 	230.339 	263.389 	139.284 	454.180 	466.199 	228.688 	345.192 	525.531 	445.536 	636.281 	612.586 	642.861 	414.157 	440.440 	644.922 	549.884 	698.115 	550.582 	545.126 	433.080 	461.855 	551.071 	568.338 	688.116 	359.279 	704.995 	641.158 	525.520 	659.403 	329.538 	415.333 	459.278 	582.299 	535.988 	598.945 	621.257 	623.638 	509.635 	650.237 	646.744 	538.257 	822.028 	445.337 
M,G3200,TOTAL,MIO_M3,PT	273.000 	206.000 	307.000 	184.000 	271.000 	167.000 	292.000 	246.000 	406.000 	422.000 	355.000 	345.000 	447.000 	419.000 	340.000 	360.000 	536.000 	433.000 	555.000 	428.000 	444.000 	470.000 	412.000 	362.000 	510.093 	512.469 	448.930 	455.788 	361.546 	332.255 	410.029 	536.539 	538.121 	447.633 	340.476 	431.316 	445.851 	350.441 	453.546 	446.283 	418.236 	497.322 	332.720 	406.211 	357.758 	628.042 	469.730 	383.946 	584.190 	503.400 	484.757 	450.761 	613.622 	535.203 	406.798 	549.925 	343.358 	356.947 	402.910 	441.666 	261.970 	346.498 	325.604 	432.889 	434.603 	440.903 	402.036 	571.557 	267.364 	489.693 	241.000 	397.921 	321.611 	411.124 	189.355 	409.782 	312.561 	387.647 	410.415 	474.050 	379.899 	355.954 	337.878 	385.854 	387.720 	382.705 
M,G3200,TOTAL,MIO_M3,RO	0.000 	0.000 	0.000 	0.000 	0.000 	0.000 	0.000 	0.000 	0.000 	0.000 	0.000 	0.000 	0.000 	0.000 	0.000 	0.000 	0.000 	0.000 	0.000 	0.000 	0.000 	0.000 	0.000 	0.000 	: 	: 	: 	: 	: 	: 	: 	: 	: 	: 	: 	: 	0.000 	0.000 	0.000 	0.000 	0.000 	0.000 	0.000 	0.000 	0.000 	0.000 	0.000 	0.000 	0.000 	0.000 	0.000 	0.000 	0.000 	0.000 	0.000 	0.000 	0.000 	0.000 	0.000 	0.000 	0.000 	0.000 	0.000 	0.000 	0.000 	0.000 	0.000 	0.000 	0.000 	0.000 	0.000 	0.000 	0.000 	0.000 	0.000 	0.000 	0.000 	0.000 	0.000 	0.000 	0.000 	0.000 	0.000 	0.000 	0.000 	0.000 
M,G3200,TOTAL,MIO_M3,SE	4.000 	29.000 	26.000 	34.000 	29.000 	0.000 	21.000 	35.000 	26.000 	24.000 	42.000 	30.000 	25.000 	20.000 	41.000 	38.000 	39.000 	19.000 	47.000 	33.000 	25.000 	10.000 	27.000 	51.000 	51.000 	48.000 	41.000 	29.030 	26.100 	35.970 	4.200 	33.000 	23.000 	96.000 	73.000 	103.000 	76.000 	82.000 	51.000 	44.000 	16.600 	62.000 	27.000 	36.800 	37.797 	46.169 	40.460 	39.093 	29.885 	17.087 	1.080 	12.434 	6.520 	4.949 	11.619 	36.170 	11.183 	14.031 	5.417 	6.471 	33.052 	11.017 	23.888 	18.637 	16.320 	24.980 	20.080 	28.277 	27.419 	28.387 	30.132 	36.913 	37.486 	38.625 	21.660 	24.593 	28.949 	8.921 	21.619 	27.075 	17.669 	13.887 	34.230 	11.903 	23.374 	21.256 
M,G3200,TOTAL,MIO_M3,SI	0.000 	0.000 	0.000 	0.000 	0.000 	0.000 	0.000 	0.000 	0.000 	0.000 	0.000 	0.000 	0.000 	0.000 	0.000 	0.000 	0.000 	0.000 	0.000 	0.000 	0.000 	0.000 	0.000 	0.000 	: 	: 	: 	: 	: 	: 	: 	: 	: 	: 	: 	: 	0.000 	0.000 	0.000 	0.000 	0.000 	0.000 	0.000 	0.000 	0.000 	0.000 	0.000 	0.000 	0.000 	0.000 	0.000 	0.000 	0.000 	0.000 	0.000 	0.000 	0.000 	0.000 	0.000 	0.000 	0.000 	0.000 	0.000 	0.000 	0.000 	0.000 	0.000 	0.000 	0.000 	0.000 	0.000 	0.000 	0.000 	0.000 	0.000 	0.000 	0.000 	0.000 	0.000 	0.000 	0.000 	0.000 	0.000 	0.000 	0.000 	0.000 
M,G3200,TOTAL,MIO_M3,SK	0.000 	0.000 	0.000 	0.000 	0.000 	0.000 	0.000 	0.000 	0.000 	0.000 	0.000 	0.000 	0.000 	0.000 	0.000 	0.000 	0.000 	0.000 	0.000 	0.000 	0.000 	0.000 	0.000 	0.000 	: 	: 	: 	: 	: 	: 	: 	: 	: 	: 	: 	: 	0.000 	0.000 	0.000 	0.000 	0.000 	0.000 	0.000 	0.000 	0.000 	0.000 	0.000 	0.000 	0.000 	0.000 	0.000 	0.000 	0.000 	0.000 	0.000 	0.000 	0.000 	0.000 	0.000 	0.000 	0.000 	0.000 	0.000 	0.000 	0.000 	0.000 	0.000 	0.000 	0.000 	0.000 	0.000 	0.000 	0.000 	0.000 	0.000 	0.000 	0.000 	0.000 	0.000 	0.000 	0.000 	0.000 	0.000 	0.000 	0.000 	0.000 
